expected_schema_primary,prompt_generation,n,primary_schema_accuracy,lm_accuracy,schema_present_accuracy,control_false_positive_rate
BLOCKAGE,v1,396,0.9595959595959596,0.98989898989899,0.9924242424242424,0.0
BLOCKAGE,v2_abstention,396,0.9823232323232324,0.9848484848484849,1.0,0.0
CONTAINER,v1,414,0.8454106280193237,1.0,1.0,0.0
CONTAINER,v2_abstention,414,0.8768115942028986,1.0,1.0,0.0
FORCE,v1,396,0.8484848484848485,1.0,1.0,0.0
FORCE,v2_abstention,396,0.8813131313131313,1.0,1.0,0.0
NONE,v1,1188,0.5732323232323232,0.5732323232323232,0.5732323232323232,0.42676767676767674
NONE,v2_abstention,1188,0.7836700336700336,0.7836700336700336,0.7836700336700336,0.21632996632996632
SOURCE_PATH_GOAL,v1,414,0.9951690821256038,1.0,1.0,0.0
SOURCE_PATH_GOAL,v2_abstention,414,0.9830917874396136,0.9903381642512077,0.9903381642512077,0.0
SUPPORT_BALANCE,v1,396,0.8181818181818182,0.9848484848484849,0.9924242424242424,0.0
SUPPORT_BALANCE,v2_abstention,396,0.8838383838383839,1.0,1.0,0.0
VERTICALITY,v1,396,0.6515151515151515,1.0,1.0,0.0
VERTICALITY,v2_abstention,396,0.6944444444444444,1.0,1.0,0.0
